first_name,last_name,gender,department_name,job_title,salary,age
Alex,Henry,Male,Sales,Account Executive,65000,21
Jales,Davis,Male,IT,Data Engineer,80000,25
Michael,Johnson,Male,Engineering,Systems Analyst,80000,28
Emily,Williams,Female,HR,HR Manager,90000,35
David,Brown,Female,Finance,Financial Analyst,70000,36
Sophia,Jones,Male,Engineering,Software Developer,72000,26
Liam,Davis,Male,Marketing,Social Media Manager,58000,23
Olivia,Miller,Male,Finance,Accountant,65000,27
Peter,Smith,Male,Marketing,Marketing Manager,70000,30
Max,Brown,Female,Finance,Accountant,50000,32
Sarah,Williams,Male,Human Resources,Recruiter,40000,45
David,Charlotte,Female,Operations,Production Manager,60000,32
Mason,Cook,Female,Engineering,QA Engineer,71000,29
Harper,Murphy,Male,Finance,Financial Analyst,69000,25
Evelyn,Baker,Male,HR,HR Specialist,63000,29
Liam,Sanders,Male,Marketing,Marketing Coordinator,58000,24
Sofia,Gonzalez,Male,Engineering,Frontend Developer,72000,23
Ella,Martinez,Female,HR,Recruiter,55000,25
Daniel,Taylor,Female,Finance,Financial Manager,95000,26
Olivia,Walker,Male,Marketing,Content Creator,62000,29
John,Doe,Male,IT,Software Engineer,100000,30
Jane,Howard,Male,Sales,Account Executive,80000,33
Peter,Garcia,Male,Marketing,Marketing Manager,70000,37
Susan,Williams,Male,IT,Software Developer,90000,29
David,Jones,Female,Sales,Sales Representative,60000,34
Michael,Brown,Female,Human Resources,HR Manager,50000,33
Sarah,Garcia,Male,Operations,Production Manager,60000,31
Harris,Jones,Male,Finance,Accountant,40000,30
Ethan,Adams,Male,Engineering,Software Engineer,75000,43
Olivia,Morris,Male,Marketing,Marketing Specialist,60000,23
Noah,Williams,Male,Finance,Financial Analyst,68000,45
Jonny,Lopez,Male,Engineering,Backend Developer,71000,24
Charlotte,Bell,Female,HR,HR Manager,90000,33
Worris,Harris,Male,Marketing,Content Creator,62000,36
Emma,Garcia,Male,Engineering,QA Engineer,73000,23
Ella,Thomas,Female,Engineering,Software Engineer,72000,35
Lucas,Wright,Female,Marketing,Marketing Specialist,60000,38
Scarlett,Henry,Male,Finance,Financial Analyst,68000,31
Jonathan,Thomas,Male,Engineering,Backend Developer,71000,30
French,Garcia,Male,HR,HR Manager,90000,44
Max,Baker,Female,Marketing,Content Creator,62000,43
Emma,Wood,Male,Engineering,QA Engineer,73000,42
Scarlett,Walker,Male,Finance,Financial Analyst,68000,47
Jack,Howard,Male,Engineering,Software Engineer,75000,37
Ava,Baker,Female,Marketing,Marketing Specialist,60000,49
Noah,Morris,Male,Finance,Financial Analyst,68000,51
James,Wright,Male,Engineering,Backend Developer,71000,45
Wood,Harris,Male,HR,HR Manager,90000,44
Benjamin,Alex,Female,Marketing,Content Creator,62000,28
Emma,Baker,Female,Engineering,QA Engineer,73000,30
Grace,Wright,Male,Engineering,Software Engineer,72000,29
Leo,Martin,Male,Marketing,Marketing Specialist,60000,28
Victoria,Brown,Male,Finance,Financial Analyst,68000,22
Samuel,Miller,Male,Engineering,QA Engineer,73000,29
Chloe,Walker,Female,HR,HR Manager,90000,34
Lincoln,Johnson,Female,Engineering,Backend Developer,71000,37
Scarlett,Garcia,Male,Marketing,Content Creator,62000,36
Lucas,Harris,Female,Engineering,Systems Analyst,80000,35
Emma,Lopez,Male,Marketing,Graphic Designer,59000,32
Aiden,Bell,Female,HR,Recruiter,55000,31
